Node Group,Node Group Description,Image,Slug,Category Filter,Color,Node 1,Node 1 description,Node 1 type,Node 2,Node 2 description,Node 2 type,Node 3,Node 3 description,Node 3 type,Node 4,Node 4 description,Node 4 type,Node 5,Node 5 description,Node 5 type,Node 6,Node 6 description,Node 6 type,Node 7,Node 7 description,Node 7 type,Node 8,Node 8 description,Node 8 type,Node 9,Node 9 description,Node 9 type,Node 10,Node 10 description,Node 10 type,Node 11,Node 11 description,Node 11 type,Node 12,Node 12 description,Node 12 type,Node 13,Node 13 description,Node 13 type,Node 14,Node 14 description,Node 14 type,Node 15,Node 15 description,Node 15 type,Node 16,Node 16 description,Node 16 type,Node 17,Node 17 description,Node 17 type,Node 18,Node 18 description,Node 18 type,Node 19,Node 19 description,Node 19 type,Node 20,Node 20 description,Node 20 type,About,Learn more link,Updated date,Status
AWS S3 Storage,Nodes for managing your AWS S3 Bucket storage.,https://firebasestorage.googleapis.com/v0/b/website-a1s39m.appspot.com/o/buildship-app-logos%2Faws.png?alt=media&token=12d3768f-61df-47f5-adc2-00ada6d0c0aa,aws-s3-storage,Storage,#fd9d1a,Base64 File Loader,Fetch file from AWS S3 bucket in Base64 format.,script,Create File,Create a file with the given content in AWS S3 bucket.,script,Generate Public URL,Make a file in S3 bucket publically accessible and return its public URL,script,Generate Signed URL,Generate a public signed URL for a specific file in an AWS S3 bucket,script,Upload Base64 File,Uploads a Base64 file to AWS S3 bucket.,script,Upload File from External URL,Uploads a file from an external URL to AWS S3.,script,Zip Folder,Zips an existing folder in S3 bucket folder and returns a download url.,script
Airtable,Nodes for interacting with your Airtable Databases.,https://firebasestorage.googleapis.com/v0/b/website-a1s39m.appspot.com/o/buildship-app-logos%2Fairtable.png?alt=media&token=cce6ddbf-893e-44c2-b46e-18adc7e1d317,airtable,Database,#fcb401,Create Records,Creates multiple records in a specified Airtable base.,script,Get Record,Retrieves a single record from Airtable.,script,List Records,Fetches records from an Airtable table,script,Update Record,Update a record in Airtable.,script
Algolia,Nodes for performing the search functionality using Algolia search.,https://firebasestorage.googleapis.com/v0/b/website-a1s39m.appspot.com/o/buildship-app-logos%2Falgolia.jpeg?alt=media&token=c477c670-458c-4239-8c0a-a34322d07724&_gl=1*4cd8bj*_ga*MjAxOTYxMjk5OS4xNjk0NTIzMjQ2*_ga_CW55HF8NVT*MTY5NTkzMDU1OS4yMS4xLjE2OTU5MzA1NzguNDEuMC4w,algolia,Search,#133de5,Full Text Search,Performs a full text search on an Algolia index and returns a JSON object or an array of JSON objects,script
Anthropic,Nodes for interacting with and using Anthropic's Claude AI Models.,https://firebasestorage.googleapis.com/v0/b/website-a1s39m.appspot.com/o/buildship-app-logos%2Fanthropic.png?alt=media&token=ec0eb8dc-f0d4-4f97-a144-023f1aa8118e,anthropic,Al Models,#1d1e1d,Claude AI Text Generator,Uses Claude-3 to generate text based on given prompts and system context.,script,Claude-3 Vision,Uses Claude AI to answer questions related to an image and return the response.,script
Audio,"Nodes for generating audio, processing, and data extraction",https://firebasestorage.googleapis.com/v0/b/website-a1s39m.appspot.com/o/buildship-app-logos%2Faudio.png?alt=media&token=d3ceb48c-a51a-4cd1-8734-a4c263eea488,audio,,#2574e2,PlayHT Text to Speech,Converts text to speech using PlayHT API and returns the audio URL,script
Bing,Microsoft Bing Nodes for world-wide-web search.,https://firebasestorage.googleapis.com/v0/b/website-a1s39m.appspot.com/o/buildship-app-logos%2Fmicrosoft-bing.svg?alt=media&token=f41fa062-8aef-46bb-8b48-63a457dbbdb5,bing,Al Models,,Bing Autosuggest,Generates a list of suggested queries,script,Bing Search,"Bing's Web Search API to sift through billions of web documents, including webpages, images, videos, and news.",script,Bing Spellcheck,Checks a text string for spelling and grammar mistakes,script
BuildShip Database,Nodes for interacting with BuildShip's Database,https://firebasestorage.googleapis.com/v0/b/website-a1s39m.appspot.com/o/buildship-app-logos%2FIcon.png?alt=media&token=878ed11b-1cf2-45d8-9951-7e95a16d26af&_gl=1*1ld9l67*_ga*NzgyMDk5NjMxLjE2OTY4NzE3ODU.*_ga_CW55HF8NVT*MTY5NjkyMzc5OC4yLjEuMTY5NjkyMzgzMy4yNS4wLjA.,buildship-database,Database,#4967ec,Add Object to Array,Adds an object to an existing array in a Firestore document,script,BuildShip Document Count,Get the count of documents in a collection for a given filter,script,Collection Query,Get documents of a query in Firestore with multiple filters,script,Create Document,Creates or updates a document in a specified Firestore collection,script,Delete Document,Delete a document from a BuildShip's Firestore collection,script,Field Average,Average of field in collection for given filter,script,Field Sum,Sum of field in collection for given filter,script,Get Document,Fetch a document from BuildShip's Firestore DB by its collection name and ID,script,Get Field Value,Fetches a specific field value from a document in a BuildShip's Firestore collection,script,Query Count,Get server count of a query in Firestore with multiple filters,script,Update Field Value,Updates a field value in BuildShip's Firestore document with a given object,script
BuildShip File Storage,Nodes for storing your files in the built-in BuildShip Storage,https://firebasestorage.googleapis.com/v0/b/website-a1s39m.appspot.com/o/buildship-app-logos%2FIcon.png?alt=media&token=878ed11b-1cf2-45d8-9951-7e95a16d26af&_gl=1*1ld9l67*_ga*NzgyMDk5NjMxLjE2OTY4NzE3ODU.*_ga_CW55HF8NVT*MTY5NjkyMzc5OC4yLjEuMTY5NjkyMzgzMy4yNS4wLjA.,buildship-file-storage,Storage,#4967ec,Delete File,Checks if a file exists in BuildShip's GCP storage and deletes it,script,Delete Folder,Deletes a folder in BuildShip's GCP Storage if it exists.,script,File Rename,Checks if a file exists at a given path in BuildShip's in-built GCP storage and renames it,script,Generate Public Download URL,Generate a publicly accessible download URL from BuildShip's Google Cloud Storage file path.,script,List Files,List files in BuildShip's GCP storage bucket directory,script,Move File,"Checks if a file exists in BuildShip's GCP Storage and if it does, moves it to a different location.",script,Move Folder,Check if a folder exists in BuildShip's GCP storage and move it along with its contents to a different path.,script,Rename Storage Folder,Renames a given folder in BuildShip's GCP Storage if it exists.,script,Upload Base64 File,Uploads a Base64 file to BuildShip's in-built Google Cloud Storage Bucket and returns the public URL,script,Upload File,Uploads a file to BuildShip's in-built Google Cloud Storage Bucket and returns the public URL,script,Upload File Buffer,Uploads a file from a buffer to BuildShip's in-built Google Cloud Storage Bucket and returns the public URL,script,Upload File From URL,Uploads a file from URL to BuildShip's in-built Google Cloud Storage Bucket and returns the public URL,script,Upload Text to File,Uploads a text content to the in-built BuildShip GCP storage bucket and returns the file's public URL.,script,Zip Folder,Zips an existing folder in BuildShip's GCP storage and returns a download url.,script
BuildShip Workflows,Nodes to interact with other BuildShip Workflows,https://firebasestorage.googleapis.com/v0/b/website-a1s39m.appspot.com/o/buildship-app-logos%2Fbuildship.png?alt=media&token=c5248170-8cb1-4a66-af37-436c7a2aa6b8,buildship-workflows,Productivity,#4c67ec,BuildShip Trigger,"Trigger a workflow from any BuildShip Workflow via the ""**Execute Workflow**"" node. [Full documentation](https://docs.buildship.com/trigger-nodes/buildship-trigger)",trigger,Execute Workflow,Executes a BuildShip Workflow using the `BuildShip Trigger` on the target workflow.,script
Cloud Storage,Manages files in google cloud storage,https://firebasestorage.googleapis.com/v0/b/website-a1s39m.appspot.com/o/buildship-app-logos%2Fgooglecloud.svg?alt=media&token=743cb460-558f-4b77-a536-9379c738b252,cloud-storage,Storage
Cohere,Leverage LLM models via Cohere API,https://firebasestorage.googleapis.com/v0/b/website-a1s39m.appspot.com/o/buildship-app-logos%2Fcohere.png?alt=media&token=7ef2898a-8604-457d-87b5-84e1d35c507f,cohere,Al Models,#355146,Text Classify,Uses Cohere Classify endpoint to classify given text based on provided examples,script,Text Generator,Generates realistic text conditioned on a given input using Cohere API,script,Text Summarizer,Generates a summary of the input text using Cohere Summarize API,script
DEV,Nodes for manipulating and publishing blog content to dev.to.,https://firebasestorage.googleapis.com/v0/b/website-a1s39m.appspot.com/o/buildship-app-logos%2Fdev-rainbow.png?alt=media&token=9ee9c43d-def4-4655-b3ca-a119a1a5f75b,dev,,#fcfcfc,Publish Blog,Publish a blog post to Dev.to,script
Discord,Nodes for integrating Discord into your workflow.,https://firebasestorage.googleapis.com/v0/b/website-a1s39m.appspot.com/o/buildship-app-logos%2Fdiscord-clyde.svg?alt=media&token=32d763e2-82f8-4461-9262-e1704703c1ac,discord,Messaging,,Discord Webhook Bot,Send a message to a discord channel using webhook,script
Document AI,Document processing with Document AI,https://firebasestorage.googleapis.com/v0/b/website-a1s39m.appspot.com/o/buildship-app-logos%2Fgooglecloud.svg?alt=media&token=743cb460-558f-4b77-a536-9379c738b252&_gl=1*ugfgvc*_ga*NzgyMDk5NjMxLjE2OTY4NzE3ODU.*_ga_CW55HF8NVT*MTY5NjkzNjk2OC40LjEuMTY5NjkzNjk5OC4zMC4wLjA.,document-ai,Al Models,,Document AI Form Parser,"Form Parser allows you to automatically extract fields, values, and generic entities like names, addresses, and prices from standard forms, structuring data in tables. It's ready to use without the need for training or customization, suitable for various document types.
**To use this node you must first enable the 
[Document AI API](https://console.cloud.google.com/apis/library/documentai.googleapis.com?project=_)**",script,Document AI Invoice Parser,"Extract text and values from invoices such as invoice number, supplier name, invoice amount, tax amount, invoice date, due date.
**To use this node you must first enable the 
[Document AI API](https://console.cloud.google.com/apis/library/documentai.googleapis.com?project=_)**",script,Document AI OCR,"Identify and extract text in different types of documents. This processor allows you to identify and extract text, including handwritten text, from documents in over 200 language.
**To use this node you must first enable the 
[Document AI API](https://console.cloud.google.com/apis/library/documentai.googleapis.com?project=_)**",script,Document AI US License Parser,"Extract fields from US Driver License, including names, dates, etc.
**To use this node you must first enable the 
[Document AI API](https://console.cloud.google.com/apis/library/documentai.googleapis.com?project=_)**",script
ElevenLabs,Nodes for utilizing ElevenLabs Text to Speech capabilities in your workflow,https://storage.googleapis.com/buildship-app-us-central1/icons/elevenlabs.jpeg,elevenlabs,Al Models,#040404,Stream TTS Audio,"Converts a stream of text to a stream of speech using ElevenLabs API.

The speech stream is mp3 encoded.",script,Text to Speech,Converts text to speech using ElevenLabs API and saves the output to Google Cloud Storage,script
FFmpeg,Nodes for working with FFmpeg for video and audio processing.,https://firebasestorage.googleapis.com/v0/b/website-a1s39m.appspot.com/o/buildship-app-logos%2Fffmpeg.png?alt=media&token=90429b71-6281-42a9-b566-e6fde04af3a1,ffmpeg,,#0f8014,Audio Overlay,Overlay audio on top of an existing video using FFmpeg.,script,Combine Audio,Combine multiple audio files into one.,script,Combine Videos,"Combine multiple videos into one, ensuring they all share a common resolution.",script,Compress Audio,"Compresses an audio file (.mp3, .m4a) using FFmpeg",script,Compress Video,Compresses a video file using FFmpeg,script,Convert Video Format,Converts the specified video from one format to another. NOTE: This process can be compute intensive depending on the size of the video.,script
Fal AI,Nodes to leverage Fal's ready-to-use AI model APIs.,https://firebasestorage.googleapis.com/v0/b/website-a1s39m.appspot.com/o/buildship-app-logos%2FfalAI.png?alt=media&token=69feee89-20af-4635-a298-b6c4d24610ab,fal-ai,Al Models,#706ada,Generate Animation,Generates animations based on a prompt using AnimateDiff Fal AI Model,script,Stable Diffusion XL Image Generator,Generates an image based on given prompt using Stable Diffusion XL Image Generator,script,Stable Video Diffusion,Generates a stable diffusion video using FAL API.,script,Text to Image Generator,Generates images from text using Fooocus model by Fal AI,script,Whisper Speech to Text,Converts speech to text using Fal AI's Whisper model,script
Firebase,Nodes for working with Firebase services and authentication,https://firebasestorage.googleapis.com/v0/b/website-a1s39m.appspot.com/o/buildship-app-logos%2Ffirebase.png?alt=media&token=b6adf7f8-e93e-40d9-bba6-4d8e93531890,firebase,Database,#ffca28,Firebase Auth Request,Authenticates Firebase user bearer token and add user info to context. [Full Documentation](https://docs.buildship.com/trigger-nodes/firebase-auth),trigger,Rest API File Upload (Auth),"Create an API / HTTP endpoint to accept a file with multipart/form-data content type only from Firebase Authenticated users. Authentication is done by checking the bearer token in request header. 

NOTE: The trigger accepts only one file per request. [Full Documentation](https://docs.buildship.com/trigger-nodes/firebase-file-upload)",trigger,Create Firebase User,"Create a new Firebase Auth User with email, full name, and password",script,Get User Data With Auth Token,Fetch user data from Firebase based on the auth token,script,Get User Data With ID,Fetch user data from Firebase Auth based given their user ID,script,Mark Firebase User as Verified,Mark a Firebase Auth User as verified using user id,script,User Exists Check,Checks if a firebase user already exists for the given email,script
Firestore,Nodes for working with Firebase Firestore database,https://firebasestorage.googleapis.com/v0/b/website-a1s39m.appspot.com/o/buildship-app-logos%2Ffirebase.png?alt=media&token=b6adf7f8-e93e-40d9-bba6-4d8e93531890,firestore,Database,#ffca28,Add Object to Firestore Array,Adds an object to an existing array in a Firestore document,script,Create Firestore Document,Creates or updates a document in a specified Firestore collection,script,Delete Firestore Document,Delete a document from a Firestore collection,script,Firestore Collection Query,Get documents of a query in Firestore with multiple filters,script,Firestore Document Count,Get the count of documents in a collection for a given filter,script,Firestore Field Average,<p>Average of field in collection for given filter</p>,script,Firestore Field Sum,Sum of field in collection for given filter,script,Firestore Query Count,Get server count of a query in Firestore with multiple filters,script,Get Document Field Value,Fetches a specific field value from a document in a Firestore collection,script,Get Firestore Document,Fetch a document from Firestore by its collection name and ID,script,Get User Data With Email,Fetch user data from Firebase Auth based given their email,script,Update Document,Updates an entire Firestore document with a given object,script,Update Firestore Field Value,Updates a field value in a Firestore document with a given object,script
FlutterFlow,Nodes for performing actions in your FlutterFlow frontend application.,https://firebasestorage.googleapis.com/v0/b/website-a1s39m.appspot.com/o/buildship-app-logos%2Fflutterflow.png?alt=media&token=c2c9b269-5ff2-45fe-a117-1366b63b4a90,flutterflow,,,Push Notification,Creates a document in the ff_push_notifications collection of your project which sends a push notification to the specified user,script
Gemini,Google's Gemini AI Nodes and Models.,https://firebasestorage.googleapis.com/v0/b/website-a1s39m.appspot.com/o/buildship-app-logos%2Fgemini.svg?alt=media&token=b81e9afb-b4a9-4136-a2ce-bca08c2a97e8,gemini,Al Models,,Count Tokens in Prompt,"When using long prompts, it might be useful to count tokens before sending any content to the model.",script,Gemini Text Generator,Make an API call to the Generative Language Model endpoint,script,Generate Embedding,"Generate Embeddings from text input and represent text (words, sentences, and blocks of text) in a vectorized formusing Gemini AI",script,Multimodal,Use Google's Gemini AI to generate text from text-only or text-and-image input. [Full documentation](https://cloud.google.com/vertex-ai/docs/generative-ai/start/quickstarts/quickstart-multimodal).,script,Stream Response,Generates a stream of response text using Google's Generative AI with a given prompt,script
GitHub,Nodes for interacting with Github repositories and other services,https://firebasestorage.googleapis.com/v0/b/website-a1s39m.appspot.com/o/buildship-app-logos%2Fgithub.svg?alt=media&token=558bb0cf-8cc2-48fc-929f-4ca524be8324,github,,,GitHub Trigger,"Creates a repository webhook on GitHub. In other words, this workflow will be executed when there is an event on the provided repository.",trigger,Add Labels to Issues,Appends the provided labels to a Github PR/Issue using Octokit,script,Commit File,"Commit a file to a GitHub repository using a personal access token, repository name, branch, file name, and file content.",script,Commit File - OAuth,Update a file in a GitHub repository,script,Count Open Issues,Gets the number of open issues excluding pull requests in a public repository using Octokit library,script,Create Branch,"Create a new branch on Github using Octokit with personal access token, repository, base branch, and new branch name",script,Create Branch - OAuth,"Create a new branch on Github using Octokit with personal access token, repository, base branch, and new branch name",script,Create Pull Request,Create a pull request on GitHub using Octokit,script,Create Pull Request - OAuth,Create a new pull request on Github,script,Fetch Commits Since Last Release,Fetches commits and pull requests merged since the last release using Octokit,script,Fetch GitHub User,Fetches a GitHub user by username,script,Get File Content,Fetches the content of a file from a GitHub repository.,script,Get Issue,Fetch data of a specific issue or PR using octokit library,script,Get Issue - OAuth,Fetches a specific issue from a GitHub repository,script,Get Issue Labels,Fetches the existing labels in a Github repository using Octokit,script,Get Issue Labels - OAuth,Fetches labels of a GitHub repository,script,Get User - OAuth,Fetches a GitHub user by username,script,Rename Branch - OAuth,Renames a Github branch,script
Gmail,OAuth Nodes for utilizing the Gmail API to retrieve and perform operations based on your Gmail Account.,https://firebasestorage.googleapis.com/v0/b/website-a1s39m.appspot.com/o/buildship-app-logos%2Fgmail.png?alt=media&token=c5b2a722-cf18-4a27-b216-1d89cd0307b8,gmail,Productivity,#ff4131
Google Calendar,OAuth Nodes for utilizing the Google Calendar API to retrieve and perform operations based on your Google Calendars.,https://firebasestorage.googleapis.com/v0/b/website-a1s39m.appspot.com/o/buildship-app-logos%2Fgoogle-cal.png?alt=media&token=c8f58512-3518-42e8-afd7-f3cb461e230d,google-calendar,Productivity,#fbbc04,Create Event,Creates a new event on Google Calendar,script,Get Event Details,Fetch a specific event from a Google Calendar,script,Get Events,Fetches events from a Google Calendar using the specified calendarId,script,List Calendars,Sends a GET request to Google Calendar API to fetch the list of calendars,script
Google Cloud,Nodes for interacting with the Google Cloud Platform,https://firebasestorage.googleapis.com/v0/b/website-a1s39m.appspot.com/o/buildship-app-logos%2Fgooglecloud.svg?alt=media&token=743cb460-558f-4b77-a536-9379c738b252,google-cloud,Developer Tools,,Get Secret,Retrieve a secret from Google Cloud Secret Manager,script,Google Vision Dominant Colors,Use Google Vision to detect the dominant colors in the given image.,script,Google Vision Text Detection,Detects text in an image using Google Cloud Vision API,script,PaLM API - Chat,Generates text in a conversational format using Google's Generative Language AI,script
Google Cloud Storage,Nodes for storing your files on your own Google Cloud Storage Bucket,https://firebasestorage.googleapis.com/v0/b/website-a1s39m.appspot.com/o/buildship-app-logos%2Fgooglecloud.svg?alt=media&token=743cb460-558f-4b77-a536-9379c738b252&_gl=1*ugfgvc*_ga*NzgyMDk5NjMxLjE2OTY4NzE3ODU.*_ga_CW55HF8NVT*MTY5NjkzNjk2OC40LjEuMTY5NjkzNjk5OC4zMC4wLjA.,google-cloud-storage,Storage,,Create File,"Create a file with the given content, creating the folder if it doesn't exist",script,Delete File,Checks if a file exists in your GCP storage bucket and deletes it,script,Delete GCP Folder,Deletes a folder in GCP Storage if it exists,script,File Rename,Checks if a file exists at a given path in GCP storage and renames it,script,Generate Public Download URL,Generate a publicly accessible download URL from a Google Cloud Storage file path.,script,List GCP Storage Files,List files in the specified GCP storage bucket directory,script,Move File,"Checks if a file exists in the Google Cloud Storage and if it does, moves it to a different location.",script,Move Folder,Check if a folder exists in the GCP storage and move it along with its contents to a different path.,script,Rename GCP Folder,Renames a given folder in Google Cloud Storage if it exists.,script,Upload Base64 File,Uploads a Base64 file to Google Cloud Storage and returns the public URL,script,Upload File from External URL,Uploads a file from an external URL to GCP Storage and returns its public URL,script,Upload Text to File,Uploads a text content to a specified GCP storage bucket and returns the file's public URL,script,Zip GCP Folder,Zips an existing folder in GCP storage and returns a download url.,script
Google Docs,OAuth Nodes for utilizing the Google Docs API to perform operations on your Google Docs File.,https://firebasestorage.googleapis.com/v0/b/website-a1s39m.appspot.com/o/buildship-app-logos%2Fgdocs.png?alt=media&token=da2a757f-8788-452f-a32b-cfcf8d8eb2cc,google-docs,Productivity,#2196f3,Batch Update Document,Batch updates a Google Document,script,Create Document,"Creates a blank Google Doc using the provided title. Ignores any other fields in the request, including provided content.",script,Get Document,Fetches the latest version of the specified Google Document,script
Google Maps,Nodes for performing actions using the Google Maps API provided by Google.,https://firebasestorage.googleapis.com/v0/b/website-a1s39m.appspot.com/o/buildship-app-logos%2Fgoogle_maps.png?alt=media&token=874f7538-2c21-465d-9b64-ec63db34006e,google-maps,Productivity,#fdbd04,Calculate Distance,"Calculate the distance between two addresses using Google's Directions API. **To use this node you must first enable the 
[Directions API](https://console.cloud.google.com/apis/library/directions-backend.googleapis.com?project=_)**",script,Geocode Address,"Geocode address using Google's Geocoding API. 

**To use this node you must first enable the 
 [Geocoding API](https://console.cloud.google.com/apis/library/geocoding-backend.googleapis.com?project=_)**",script,Get Nearby Places,"Get nearby places using Google's Places API. 

**To use this node you must first enable the 
[Places API](https://console.cloud.google.com/apis/library/places-backend.googleapis.com?project=_)
AND [Geocoding API](https://console.cloud.google.com/apis/library/geocoding-backend.googleapis.com?project=_)**",script
Google Sheets,OAuth Nodes for utilizing the Google Sheets API to perform operations on your Google Sheets Document.,https://firebasestorage.googleapis.com/v0/b/website-a1s39m.appspot.com/o/buildship-app-logos%2FGoogleSheets.png?alt=media&token=89b3cfec-6746-43da-a404-5d20adb60472,google-sheets,Productivity,#01ac3b,Add Row,Adds row(s) of data in a Google Sheet.,script,Batch Update Sheet,Batch updates values in a Google Sheet,script,Create Sheet,Creates a new Google Spreadsheet.,script,Get Sheets,Fetch a Google Spreadsheet using the Google Sheets API,script
Google Translate,Nodes for utilizing the Google Translate API to perform language based translations.,https://firebasestorage.googleapis.com/v0/b/website-a1s39m.appspot.com/o/buildship-app-logos%2FGoogle_Translate_logo.png?alt=media&token=05480a6a-96eb-4185-b662-716e67e2b946,google-translate,Productivity,#4d8cf5,Language Code Validator,Validates if the given language code is a valid ISO 639-1 language code,script,Translate Text,"Translate text to a specified language using Google Translate API.  
___
**You must first [enable the Translation API](https://console.cloud.google.com/apis/library/translate.googleapis.com?project=_&supportedpurview=project) to use this node.**",script
Groq,Nodes for leveraging Groq's super-fast LPU Inference Engine.,https://firebasestorage.googleapis.com/v0/b/website-a1s39m.appspot.com/o/buildship-app-logos%2Fgroq.png?alt=media&token=7f60edf7-f402-4762-8334-00cb2981cef0,groq,Al Models,#fff9f8,Groq Chat,Using the Groq (LLM) Chat Completions API that processes messages and generates output responses.,script
Hugging Face,Nodes with Hugging Face's popular models.,https://firebasestorage.googleapis.com/v0/b/website-a1s39m.appspot.com/o/buildship-app-logos%2FhuggingFace.png?alt=media&token=9abb241c-6522-4fdb-982f-365002ca53fe,hugging-face,Al Models,#ffd21e,Caption Image,Generate caption for the image using Hugging Face's [Salesforce/blip-image-captioning-large](https://huggingface.co/Salesforce/blip-image-captioning-large) model for image captioning pretrained on COCO dataset - base architecture (with ViT large backbone).,script,Image Classification,"Get classification labels for your image using Hugging Face's [google/vit-base-patch16-224](https://huggingface.co/google/vit-base-patch16-224) model which is a transformer encoder model (BERT-like) pretrained on a large collection of images in a supervised fashion, namely ImageNet-21k, at a resolution of 224x224 pixels. Next, the model was fine-tuned on ImageNet (also referred to as ILSVRC2012), a dataset comprising 1 million images and 1,000 classes, also at resolution 224x224.",script,Text Summarization,"Summarize long text using Hugging Face's [facebook/bart-large-cnn](https://huggingface.co/facebook/bart-large-cnn) model which is a transformer encoder-encoder (seq2seq) model with a bidirectional (BERT-like) encoder and an autoregressive (GPT-like) decoder. BART is pre-trained by (1) corrupting text with an arbitrary noising function, and (2) learning a model to reconstruct the original text.",script,Text-To-Image,"Generate image from text, using Hugging Face's [openskyml/dalle-3-xl](https://huggingface.co/openskyml/dalle-3-xl) test model very similar to Dall•E 3.",script,Text-To-Music,Generate music from text using Hugging Face's [facebook/musicgen-small](https://huggingface.co/facebook/musicgen-small) model capable of generating high-quality music samples conditioned on text descriptions or audio prompts.,script
JSON,JSON validation and transformation,https://firebasestorage.googleapis.com/v0/b/website-a1s39m.appspot.com/o/buildship-app-logos%2Fjson.png?alt=media&token=fd232317-1d4a-4ec8-8785-7543d37bfd85,json,,#1665c0,Append Array to JSON File,"Appends an array of objects to a JSON file. If the file or folder path doesn't exist, it creates it",script,Concat Property Values,Extracts and concatenates specific property values from an array within a JSON object and returns the concatenated string.,script,Is Valid JSON,Check if a given string is valid JSON,script,JSON to CSV,"Creates a CSV file from an array of JSON objects, stores it in the GCP Storage Bucket, and returns the public download URL.",script,Parse JSON,Converts a JSON string back into a JavaScript object,script,Stringify JSON,Convert a JSON object to a string,script
Lemon Squeezy,Connecting with your Lemon Squeezy accounts and webhooks.,https://firebasestorage.googleapis.com/v0/b/website-a1s39m.appspot.com/o/buildship-app-logos%2Flemon%20squeezy.png?alt=media&token=0024ee8f-619e-4d40-96cd-cbe8849a65d9,lemon-squeezy,Payment,#ffc233,Lemon Squeezy Trigger,Connect with your LemonSqueezy account and activates a workflow in response to specific webhook events.,trigger
Linear,Nodes for performing operations on Linear,https://firebasestorage.googleapis.com/v0/b/website-a1s39m.appspot.com/o/buildship-app-logos%2Flinear-logos-id-IUp6ZRH.png?alt=media&token=26b546ed-7685-46bb-b0de-c0543b31be28,linear,Productivity,#5e6ad2,Create Issue,"Create an issue in Linear using the provided API key, title and description.",script,Fetch Linear Issues,Fetch all issues from Linear that match a given project name,script
MailChimp,Nodes to Mailchimp's features into BuildShip workflows.,https://firebasestorage.googleapis.com/v0/b/website-a1s39m.appspot.com/o/buildship-app-logos%2Fmailchimp.jpg?alt=media&token=94f5cae3-1a9c-4088-85f8-3e2ec63aeb43,mailchimp,Messaging,#ffec1c,Add Email to Mailing List,Add a subscriber email to a Mailchimp List.,script
Medium,Nodes for publishing blog content to Medium.,https://firebasestorage.googleapis.com/v0/b/website-a1s39m.appspot.com/o/buildship-app-logos%2Fmedium.png?alt=media&token=cfd1756d-b3a0-4df6-9dbd-0cae887fba11,medium,,#0e0e0e,Publish Blog,Publishes a blog post to Medium.,script
Meilisearch,Nodes to utilize the Meilisearch functionality.,https://firebasestorage.googleapis.com/v0/b/website-a1s39m.appspot.com/o/buildship-app-logos%2Fmeilisearch.png?alt=media&token=299090c4-05eb-4375-8b2e-44165be25691,meilisearch,Search,#ff527b,Add Document,Add a single document to MeiliSearch. Accepts a JSON object representing the document and adds it to the index,script,Add Documents,Add a list of documents to MeiliSearch.,script,Delete a Document,Delete a document in MeiliSearch.,script,Full Text Search,Performs a full text search on a Meilisearch index and returns a JSON object or an array of JSON objects.,script,Hybrid Search,"Performs a hybrid search combining full-text and attribute-based filtering, returning a JSON object or an array of them.",script,Update a Document,Update a document in MeiliSearch Index,script,Update Synonyms,Update the synonyms for any index in your MeiliSearch instance,script
Meta,Nodes for interacting with Meta apps and services,https://firebasestorage.googleapis.com/v0/b/website-a1s39m.appspot.com/o/buildship-app-logos%2Fmeta.svg?alt=media&token=278f2be8-2e5b-4b87-b8a6-def5bbb70595&_gl=1*13frdap*_ga*MjE0NTgwMzQ2OC4xNjk3MDA4NzI2*_ga_CW55HF8NVT*MTY5NzE4MjQ2Ni4xLjEuMTY5NzE4MjgyNy40MS4wLjA.,meta,Messaging
MongoDB,Nodes for interacting with and performing operations on the MongoDB database.,https://firebasestorage.googleapis.com/v0/b/website-a1s39m.appspot.com/o/buildship-app-logos%2FmongoDB.png?alt=media&token=9e8973dc-40e8-4e95-82c4-93beeed4fd5a,mongodb,Database,#00ec64,Delete Document,Deletes a document from a specified collection in MongoDB by document ID and returns the operation response.,script,Fetch Document,Fetches and returns the entire document data from a MongoDB collection based on the given document ID.,script,Insert Document,Inserts the given data into a MongoDB collection and returns the ids of the inserted documents.,script,Query Collection,"Queries for multiple documents in a MongoDB collection using connection string, database name, collection name, query, sort, and projection.",script,Update Document,Updates a specific document in a MongoDB collection using the updateOne function and returns the operation result.,script
MySQL,Nodes for interacting with your hosted MySQL Database.,https://firebasestorage.googleapis.com/v0/b/website-a1s39m.appspot.com/o/buildship-app-logos%2FMySQL.png?alt=media&token=d8cc2aba-e6f0-4a14-9f1f-3f314f4415e6,mysql,Database,#296084,Delete Row,Deletes row(s) from a MySQL table based on a filter,script,Insert Row,Inserts a row into a MySQL database table,script,Select Query,Perform Select query from a MySQL table,script,SQL Query,Executes an SQL query on a specified database,script,Update Row,Updates row(s) in a MySQL table based on a filter.,script
Notion,Nodes for interacting with your Notion Workspace,https://firebasestorage.googleapis.com/v0/b/website-a1s39m.appspot.com/o/buildship-app-logos%2FNotion.png?alt=media&token=cc28e19e-a4a3-4504-b188-cf4708291157&_gl=1*7b1ekv*_ga*MjAxOTYxMjk5OS4xNjk0NTIzMjQ2*_ga_CW55HF8NVT*MTY5NjM1NjQzOC4yNC4xLjE2OTYzNTY1MDIuNjAuMC4w,notion,Productivity,#fefefe,Append Blocks to Page,"A block object represents a piece of content within Notion. The API translates the headings, toggles, paragraphs, lists, media, and more that you can interact with in the Notion UI as different block type objects. (https://developers.notion.com/reference/block)",script,Create Access Token,Creates an access token for third-party service authentication with Notion,script,Create Comments,Creates a comment in a page or existing discussion thread.,script,Create Database as Subpage,"Creates a database as a subpage in the specified parent page, with the specified properties schema. Currently, the parent of a new database must be a Notion page or a wiki database.",script,Create Page,Creates a new page that is a child of an existing page or database using OAuth,script,Fetch Page,Retrieve a Notion page using OAuth.,script,Fetch Page Blocks,"A block object represents a piece of content within Notion. The API translates the headings, toggles, paragraphs, lists, media, and more that you can interact with in the Notion UI as different block type objects. (https://developers.notion.com/reference/block)",script,List Users,Lists all users in a Notion workspace,script,Query Database,"Gets a list of Pages and/or Databases contained in the database, filtered and ordered according to the filter conditions and sort criteria provided in the request using OAuth",script,Retrieve Comments,Retrieves a list of un-resolved Comment objects from a page or block via OAuth,script,Retrieve Database,Retrieves a database object — information that describes the structure and columns of a database — for a provided database ID.,script,Search By Title,Performs a search on Notion for a given title through all the parent and child pages using OAuth,script,Update Database,"Updates Notion database. Retrieves a database object — information that describes the structure and columns of a database via OAuth
",script,Update Notion Page,Updates the properties of a page in a database. Official Documentation - [here](https://developers.notion.com/reference/patch-page),script
OpenAI,Open AI Models,https://firebasestorage.googleapis.com/v0/b/website-a1s39m.appspot.com/o/buildship-app-logos%2Fopenai.png?alt=media&token=9c513dd1-e2d4-47d2-8e3c-3a1a6ebf03e3,openai,Al Models,#f9fbfa,Fetch OpenAI File,"Generates a readable stream for a file stored in OpenAI Storage. Return this stream using a 'Return' node to receive it through an API endpoint (to download the file, write it to the file system, etc.)",script,Generate Embeddings,Generate embeddings for a given content using OpenAI text-embedding-ada-002 model,script,GPT-4 Vision,Use GPT-4 Vision to ask questions about images.,script,Image Generator,Converts text to Base64 image using OpenAI's DALL·E models.,script,JSON Generator,Generates text based on a given user and system prompt and always returns a JSON object using the OpenAI GPT (Turbo) APIs.,script,Multi-Image GPT-4 Vision,Analyses multiple images using the OpenAI GPT-4 Vision model.,script,Neighbor Search,Find the nearest neighbors for a given search query using OpenAI embeddings,script,OpenAI Assistant,Add different script nodes and let the OpenAI assistant automatically choose which to execute based on the input.,script,Stream Response,"Send a chat message to OpenAI and stream the response back to the client.

**Important**: this node does not support Workflow/Node Testing.

**Note**: add a blank return node at the end to prevent printing `OK` in the response.

",script,Text Generator,Generates text based on a given user and system prompt using the OpenAI GPT API,script,Text to Speech,Converts text to speech using OpenAI API and returns audio in Base64.,script,Whisper Speech To Text,Convert audio/speech to text using OpenAI's Whisper API.,script
Perplexity AI,Nodes to leverage Perplexity AI's blazingly fast LLM inference.,https://firebasestorage.googleapis.com/v0/b/website-a1s39m.appspot.com/o/buildship-app-logos%2Fperplexity.png?alt=media&token=c2b4b546-a17f-4866-8635-73377b79bca4,perplexity,Al Models,#f9f9f9,Perplexity AI Chat,Sends a question to Perplexity's AI models and generates a response for the given chat conversation.,script
Pinecone,Nodes for interacting with the Pinecone vector database,https://storage.googleapis.com/buildship-app-us-central1/icons/pinecone.jpeg,pinecone,Database,#f3fbfc,Delete Vectors by ID,Deletes vectors by their id from a specified namespace,script,Query Vector DB,Queries vectors in the Pinecone database index,script,Upsert to Index,Creates a new Pinecone index if it does not already exist and upserts the given record.,script
Postgres,Nodes for interacting with your Postgres Database,https://firebasestorage.googleapis.com/v0/b/website-a1s39m.appspot.com/o/buildship-app-logos%2Fpostgresql-logo.svg?alt=media&token=1128a871-ec6d-498e-a8e8-35a7f71c1cff,postgres,Database,,Delete Row,Deletes a row from a specified table in a Postgres database,script,Fetch Table Data,Fetch data from a Postgres DB,script,Fetch Table Schema,Fetch the schema of a specific table in a PostgreSQL database,script,Insert Data,Inserts data into a specified table in a Postgres database securely,script,Update Row Data,Updates a specific row in a Postgres database table securely,script
Posthog,Nodes for capturing and sending analytics information to Posthog.,https://firebasestorage.googleapis.com/v0/b/website-a1s39m.appspot.com/o/buildship-app-logos%2Fposthog.jpg?alt=media&token=6d2795b0-9ece-443b-80a4-1bcd8c9fa5ff,posthog,Developer Tools,#f9bc2c,Capture Events,Send the captured event to Posthog.,script
Replicate,replicate.com hosted open source models,https://storage.googleapis.com/buildship-app-us-central1/icons/replicate.jpg,replicate,Al Models,#f8fbf9,Answer Image Questions,Answers questions about images using the Replicate model,script,Background Remover,Remove the background from images using Replicate API,script,Face Restoration,Performs practical face restoration algorithm for old photos or AI-generated faces using Replicate,script,Face Swap,Swaps faces using replicate's yan-ops/face_swap model.,script,Image Super-Resolution and Restoration,Performs a AI Photorealistic Image Super-Resolution and Restoration using Replicate,script,Llama 2 Chat,Llama 2 for chat completion,script,Music Generator,Uses Replicate's music-gen model to generate music based on a user prompt.,script,Replicate Client,A generic Replicate Client to use any Replicate model.,script,Replicate Llama Text Generator,Uses Replicate Llama model to generate text based on a provided prompt and system prompt while applying various text generation settings.,script,Stability AI Image Generation,Text to image generation using Stability AI's sdxl model that creates beautiful 1024x1024 images,script,Stability AI Text Generation,Generate text using the Stability AI 7 billion parameter language model,script,Upscale Image,Performs Real-ESRGAN with optional face correction and adjustable upscale,script
Resend,Nodes for sending emails via Resend,https://firebasestorage.googleapis.com/v0/b/website-a1s39m.appspot.com/o/buildship-app-logos%2Fresend.jpg?alt=media&token=019f48d6-d93a-475f-902e-599f93a9de40,resend,Messaging,#c3c3c3,Send Emails via Resend,Sends an email using the Resend API,script
RevenueCat,Connecting with your RevenueCat accounts and webhooks.,https://firebasestorage.googleapis.com/v0/b/website-a1s39m.appspot.com/o/buildship-app-logos%2FrevenueCat.png?alt=media&token=96a725ef-8a1b-4285-8ba6-a085f4a21ea4,revenue-cat,Payment,#fffdfe,RevenueCat Trigger,This trigger verifies and parses the RevenueCat Webhook payload coming from the events signed up. [Full Documentation](https://docs.buildship.com/trigger-nodes/revenue-cat),trigger
Rowy,Connecting BuildShip with Rowy to perform operations anytime data changes on your Firestore database.,https://storage.googleapis.com/buildship-app-us-central1/icons/rowy.ico,rowy,Developer Tools,#4700fd,Rowy Trigger,"Connecting BuildShip with Rowy enables you to trigger a workflow anytime data changes on your Firestore database. This trigger verifies if the API call if from an authenticated Rowy project, runs the workflow and returns the body data. [Full documentation](https://docs.buildship.com/trigger-nodes/rowy-trigger)",trigger
Sendgrid,Nodes for sending emails via Sendgrid,https://storage.googleapis.com/buildship-app-us-central1/icons/SendGrid.png,sendgrid,Messaging,#02a9de,Send Dynamic email,Sends a dynamic email using the Sendgrid API with tracking and a specified template (NOTE: The messages sent via SendGrid might end up in spam if you haven't verified your sendgrid account),script,Send Static email,Sends an email using the Sendgrid API with tracking (NOTE: The messages sent via SendGrid might end up in spam if you haven't verified your sendgrid account),script
SignNow,Nodes for Sending and processing Electronic signatures for online documents,https://firebasestorage.googleapis.com/v0/b/website-a1s39m.appspot.com/o/buildship-app-logos%2FsignNow.svg?alt=media&token=54a12d0e-f97c-4172-b54d-f21ba4b0ee41,signnow,Productivity,,Send E-Docs for Signature,Sends a document for signature using SignNow API,script
Slack,Sending Slack Messages,https://firebasestorage.googleapis.com/v0/b/website-a1s39m.appspot.com/o/buildship-app-logos%2Fslack.svg?alt=media&token=16382130-2c2e-49dc-83b8-fffb950f793d,slack,Messaging,,Send Message,Send a message or an attachment to a specific Slack channel.,script
StabilityAI,Nodes for utilizing StabilityAI Models,https://storage.googleapis.com/buildship-app-us-central1/icons/stabilityAI.jpg,stabilityai,Al Models,#f3f2f3,Image Generator,Generate and returns an image in Base64 format using Stability API with given prompt and style preset.,script,Image Masking,Selectively modify portions of an image using a mask using StabilityAI.,script,Modify Image,Modifies an image based on a text prompt using the StabilityAI API,script,Upscale Image,Upscales an image using StabilityAI and returns a public download url,script
Stripe,Handle stripe events,https://firebasestorage.googleapis.com/v0/b/website-a1s39m.appspot.com/o/buildship-app-logos%2Fstripe.png?alt=media&token=7d549b6b-382c-4512-abb4-078f3be1476e,stripe,Payment,#6772e5,Stripe Webhook,Connect with your Stripe account and activates a workflow in response to specific webhook events. [Full documentation](https://docs.buildship.com/stripe),trigger,Checkout Session: Customer Details,Returns the customer details from the stripe checkout session.,script,Checkout Session: Line Items,Returns the line items from a stripe checkout session.,script,Create Stripe Checkout Session,Create a Stripe checkout session and return the URL,script,Create Stripe Customer,Create a new customer on Stripe,script,Fetch Stripe Customer,Fetch a customer's data from Stripe,script,Get Stripe Event Metadata,"Returns the metadata object associated with the Stripe event. Metadata is useful for storing additional, structured information on an object. For example, customer ID, subscription ID, etc.",script
Supabase,Nodes for connecting with your Supabase tables and perform actions on your data.,https://firebasestorage.googleapis.com/v0/b/website-a1s39m.appspot.com/o/buildship-app-logos%2Fsupabase.png?alt=media&token=db017867-8867-4e74-8e94-c7074c82b836,supabase,Database,#3ece8f,Supabase Trigger,"Creates a database webhook on Supabase. In other words, this workflow will be executed when there is an event on the provided table. [Full Documentation](https://docs.buildship.com/trigger-nodes/supabase-trigger)",trigger,Create Row,Insert a JSON object to an existing table on Supabase via a POST request,script,Create Row with Token,Insert a JSON object to an existing table on Supabase via a POST request,script,Delete Row,Delete an existing table row using Supabase Realtime API endpoint.,script,Delete Row with Token,Delete an existing table row using Supabase Realtime API endpoint.,script,Get Columns,Read the specified columns of a Supabase table.,script,Get Columns with Token,Read the specified columns of a Supabase table.,script,Get Row,"Fetch a row from a Supabase table using the API URL, Key, table name, filter, and Authorization token.",script,Get Row with Token,"Fetch a row from a Supabase table using the API URL, Key, table name, filter, and Authorization token.",script,List Supabase Projects,Returns a list of all projects you've previously created.,http,Postgres RPC,Initializes a Supabase client and calls a Postgres function as Remote Procedure Call,script,Update Row,Update an existing table row using Supabase Realtime API endpoint,script,Update Row with Token,Update an existing table row using Supabase Realtime API endpoint,script
Telegram,Nodes for integrating Telegram functionality within your Workflow.,https://firebasestorage.googleapis.com/v0/b/website-a1s39m.appspot.com/o/buildship-app-logos%2FTelegram.png?alt=media&token=836e9e1a-72fd-4362-97e6-45473a183a4a,telegram,Messaging,#2ba1db,Telegram Bot,Create Telegram Chatbot and workflows using this trigger. Connect using Telegram API key and build workflows for handling incoming messages. [Full documentation](https://docs.buildship.com/trigger-nodes/telegram-bot),trigger,Send Audio with Telegram,Send an audio file to a Telegram chat using the sendAudio API endpoint. Supports .MP3 and .M4A formats. Maximum file size is 50 MB.,script,Send Telegram Message,Sends a message to a Telegram chat via the Telegram Bot API,script
Twilio,Nodes for receiving incoming messages and sending messages,https://www.cdnlogo.com/logos/t/14/twilio.svg,twilio,Messaging,,Send SMS,Sends an SMS/MMS using Twilio service,script,Send WhatsApp Message,Sends a WhatsApp message using Twilio WhatsApp Sender,script,Webhook Message from Twilio Parser,"Extracts information from the Twilio webhook request such as number and message content, including audio content if available",script
Typesense,Nodes to utilize the Typesense functionality.,https://firebasestorage.googleapis.com/v0/b/website-a1s39m.appspot.com/o/buildship-app-logos%2Ftypesense.jpeg?alt=media&token=afcadce6-3d05-4a5e-991d-874429af7466,typesense,Search,#f9fafc,Add Document,"Creates or uses an existing Typesense collection to insert a document, utilizing provided schema and authentication details.
[TypeSense API](https://typesense.org/docs/latest/api/)",script,Add Documents,"Creates or uses an existing Typesense collection to insert documents, utilizing provided schema and authentication details.
[TypeSense API](https://typesense.org/docs/latest/api/)",script,Create Collection,Create a new Typesense collection with the specified schema,script,Delete Document,Delete a document from a Typesense collection.,script,Full Text Search,Performs a full text search on a specified collection in Typesense.,script,Geo Search,Performs a geo-location based search in Typesense using specified parameters.,script,Get Document,Retrieve a document from a Typesense collection using the given Document ID.,script,Update Document,"Creates or uses an existing Typesense collection to update documents, utilizing provided schema and authentication details.
[TypeSense API](https://typesense.org/docs/latest/api/)",script,Vector Search,Perform a vector search in a Typesense collection and return the results.,script
Upstash,Nodes for interacting with your Upstash Redis database using `@upstash/redis` npm,https://firebasestorage.googleapis.com/v0/b/website-a1s39m.appspot.com/o/buildship-app-logos%2Fupstash.png?alt=media&token=aa018185-ce74-41f2-bfca-0df717bc4f36,upstash,Developer Tools,#65e0bc,Create Record,Create a record in Upstash Redis database using `@upstash/redis` npm,script,Rate Limit,Rate limit requests using Upstash rate limiter,script
WhatsApp,Nodes for interacting with WhatsApp apps and services by Meta.,https://firebasestorage.googleapis.com/v0/b/website-a1s39m.appspot.com/o/buildship-app-logos%2Fwhatsapp.svg?alt=media&token=71bca0e2-58be-4137-b3bf-a0823bc9fc94&_gl=1*4pefuh*_ga*MjE0NTgwMzQ2OC4xNjk3MDA4NzI2*_ga_CW55HF8NVT*MTY5NzUzNDA1MS4zLjEuMTY5NzUzNDEzNC40Ni4wLjA,whatsapp,Messaging,,WhatsApp Bot,This trigger verifies and parses the messaging event payload coming from the WhatsApp Webhook. [Full Documentation](https://docs.buildship.com/trigger-nodes/whatsapp-bot),trigger,Auto-Responder,Automatically responds to WhatsApp messages received through a webhook.,script,Send WhatsApp Message,Send a WhatsApp message via Facebook's Graph API,script,Token Verification,WhatsApp Business Account token verification.,script
YouTube,Nodes for performing actions using YouTube content,https://storage.googleapis.com/buildship-app-us-central1/icons/youtube.svg,youtube,Productivity,,Extract Video Caption,Extracts auto-generated subtitles and video details from a YouTube video specified by its URL.,script